BRENT,USAtoJPY,USAtoEUR,USAtoCHF
66.25,108.58,0.8949,0.9714
68.6,108.09,0.8958,0.9727
68.91,108.38,0.8929,0.9682
68.27,108.44,0.8964,0.9703
65.44,109.14,0.9003,0.9739
65.37,109.52,0.9003,0.9733
64.98,109.47,0.899,0.9725
64.2,109.94,0.8979,0.9709
64.49,109.98,0.8984,0.9674
64,109.89,0.8966,0.9641
64.62,110.16,0.8977,0.9646
64.85,110.16,0.9016,0.9682
65.2,110.19,0.9012,0.9681
64.59,109.88,0.902,0.9686
63.21,109.84,0.9013,0.9679
62.04,109.49,0.9045,0.9689
60.69,109.28,0.9069,0.9712
59.32,108.89,0.9074,0.9696
59.51,109.14,0.9071,0.973
59.81,109,0.908,0.9732
58.29,108.97,0.9063,0.9695
58.16,108.39,0.9013,0.9632
54.45,108.69,0.904,0.9659
53.96,109.53,0.9054,0.9692
55.28,109.81,0.909,0.9734
54.93,110,0.9107,0.9746
54.47,109.73,0.9135,0.9778
53.27,109.75,0.9164,0.9772
54.01,109.78,0.9159,0.9759
55.79,110.08,0.9195,0.9783
56.34,109.81,0.9223,0.9795
57.32,109.75,0.923,0.9822
57.67,109.89,0.9228,0.9808
57.75,109.88,0.9265,0.9833
59.12,111.36,0.9252,0.9839
59.31,112.12,0.9271,0.9841
58.5,111.58,0.9219,0.9782
56.3,110.72,0.9211,0.9789
54.95,110.2,0.9189,0.9762
53.43,110.42,0.9189,0.9769
52.18,109.59,0.9089,0.9677
50.52,108.08,0.9068,0.9655
51.9,108.31,0.898,0.9593
51.86,107.14,0.8949,0.9562
51.13,107.53,0.8978,0.9569
49.99,106.17,0.8895,0.9456
45.27,105.31,0.886,0.9374
34.36,102.36,0.8733,0.9252
37.22,105.64,0.8864,0.9399
35.79,104.55,0.8872,0.9389
33.22,104.64,0.8939,0.9441
33.85,107.92,0.9003,0.9498
30.05,105.86,0.8941,0.9471
28.73,107.69,0.9093,0.9611
24.88,108.37,0.916,0.9682
28.47,110.71,0.9351,0.9861
26.98,110.82,0.9349,0.9866
27.03,111.21,0.9324,0.9847
27.15,111.22,0.9267,0.9817
27.39,111.21,0.9188,0.977
26.34,109.6,0.9065,0.9632
24.93,107.9,0.8973,0.9513
22.76,107.82,0.905,0.9585
22.74,107.54,0.9064,0.961
24.74,107.17,0.9119,0.9656
29.94,107.92,0.9208,0.9738
34.11,108.46,0.9251,0.9779
33.05,109.22,0.9264,0.9788
31.87,108.71,0.918,0.9693
32.84,108.82,0.9208,0.9719
31.48,108.47,0.9148,0.966
31.74,107.78,0.9161,0.9674
29.6,107.21,0.9105,0.9602
27.69,107.49,0.9165,0.9646
27.82,107.96,0.9226,0.9705
28.08,107.53,0.9195,0.9673
19.33,107.78,0.9208,0.9697
20.37,107.75,0.9239,0.9715
21.33,107.6,0.9276,0.976
21.44,107.51,0.9239,0.9732
19.99,107.24,0.9232,0.9754
20.46,106.88,0.924,0.9752
22.54,106.71,0.9194,0.9737
25.27,107.18,0.9125,0.9654
26.44,106.94,0.9105,0.9614
27.2,106.75,0.9166,0.9651
30.97,106.6,0.9227,0.9727
29.72,106.15,0.9263,0.975
29.46,106.29,0.9228,0.973
30.97,106.67,0.9224,0.9708
29.63,107.68,0.9251,0.9731
29.98,107.14,0.9217,0.9695
29.19,107.03,0.9243,0.9722
31.13,107.25,0.9254,0.9732
32.5,107.04,0.9245,0.9716
34.81,107.35,0.9163,0.9712
34.65,107.71,0.9153,0.9714
35.75,107.53,0.9107,0.9651
36.06,107.62,0.9131,0.9705
35.13,107.63,0.9172,0.9711
35.53,107.71,0.9173,0.9722
36.17,107.54,0.9105,0.9656
34.74,107.72,0.9085,0.9685
35.29,107.64,0.9026,0.9643
35.33,107.79,0.9009,0.9614
38.32,107.59,0.898,0.9609
39.57,108.68,0.895,0.9623
39.79,108.9,0.89,0.9613
39.99,109.14,0.8818,0.9555
42.3,109.59,0.8859,0.9626
40.8,108.43,0.8853,0.9577
41.18,107.74,0.8818,0.9508
41.73,107.11,0.8793,0.9449
38.55,106.86,0.8849,0.9442
38.73,107.36,0.8883,0.9524
39.72,107.32,0.883,0.9492
40.96,107.33,0.8876,0.9513
40.71,107,0.8892,0.9487
41.51,106.97,0.8925,0.9514
42.19,106.89,0.8945,0.9524
43.08,106.89,0.8879,0.9477
42.63,106.53,0.8842,0.9446
40.31,107.04,0.8887,0.9479
41.05,107.2,0.8913,0.9484
41.02,107.22,0.8912,0.9481
41.71,107.57,0.8894,0.9513
41.15,107.93,0.8901,0.9473
42.03,107.47,0.8886,0.9458
43.14,107.5,0.8897,0.9453
42.8,107.51,0.8889,0.9459
43.1,107.36,0.8842,0.9421
43.08,107.52,0.887,0.9423
43.29,107.26,0.8825,0.9383
42.35,107.21,0.8861,0.9404
43.24,106.9,0.8848,0.941
42.72,107.28,0.8814,0.9415
42.9,107.25,0.8772,0.9397
43.79,106.94,0.8762,0.9443
43.37,107.27,0.8783,0.9455
43.14,107,0.8749,0.9387
43.28,107.25,0.8735,0.9389
44.32,106.78,0.8674,0.9333
44.29,107.15,0.8642,0.9297
43.31,106.86,0.8622,0.9255
43.34,106.14,0.8578,0.9208
43.41,105.38,0.8509,0.9199
43.22,105.09,0.8534,0.9179
43.75,104.92,0.8479,0.9126
42.94,104.74,0.844,0.9089
43.3,105.89,0.8488,0.9129
44.15,105.96,0.85,0.9178
44.43,105.72,0.8471,0.9134
45.17,105.58,0.8428,0.9085
45.09,105.55,0.8419,0.9097
44.4,105.93,0.8482,0.9125
44.99,105.95,0.8518,0.9156
44.5,106.48,0.8517,0.9167
45.43,106.89,0.8485,0.912
44.96,106.92,0.8463,0.9096
44.8,106.59,0.8443,0.909
45.37,105.99,0.8424,0.9064
45.46,105.42,0.8381,0.9037
45.37,106.1,0.8447,0.915
44.9,105.79,0.843,0.9076
44.35,105.78,0.8475,0.9115
45.13,105.97,0.8482,0.9117
45.86,106.36,0.8449,0.9075
45.64,105.98,0.8452,0.9081
45.09,106.55,0.8458,0.9088
45.05,105.34,0.8398,0.9038
45.28,105.89,0.8377,0.9035
45.58,105.95,0.8393,0.9092
44.43,106.18,0.8434,0.9105
44.07,106.17,0.8437,0.9093
42.66,106.23,0.8445,0.9131
42.01,106.25,0.8461,0.9159
39.78,106.01,0.849,0.9173
40.79,106.17,0.8472,0.9123
40.06,106.13,0.8462,0.9104
39.83,106.14,0.844,0.9086
39.61,105.72,0.8425,0.9083
40.53,105.43,0.844,0.908
42.22,104.94,0.8462,0.9092
43.3,104.73,0.8439,0.9083
43.15,104.55,0.8445,0.9116
41.44,104.64,0.8494,0.9143
41.72,104.91,0.854,0.9192
41.77,105.37,0.8574,0.9238
41.94,105.4,0.8565,0.9266
41.92,105.6,0.8595,0.9284
42.43,105.49,0.857,0.9244
41.03,105.64,0.8514,0.9192
40.95,105.45,0.8531,0.9207
40.93,105.5,0.851,0.9183
39.27,105.33,0.8534,0.9209
41.29,105.72,0.8485,0.9153
42.65,105.62,0.8521,0.9177
41.99,105.96,0.8501,0.9172
43.34,106.01,0.8503,0.9167
42.85,105.59,0.8455,0.9101
41.72,105.3,0.8464,0.9091
42.45,105.47,0.8512,0.9149
43.32,105.15,0.8512,0.9138
43.16,105.44,0.854,0.9149
42.93,105.4,0.8532,0.9146
42.62,105.42,0.8498,0.9102
43.16,105.49,0.8457,0.9069
41.73,104.56,0.843,0.9053
42.46,104.82,0.846,0.9069
41.77,104.69,0.843,0.9042
40.46,104.82,0.8467,0.9074
41.2,104.4,0.8477,0.9085
39.12,104.29,0.8514,0.9103
37.65,104.61,0.8565,0.9152
37.46,104.64,0.8583,0.9167
38.97,104.71,0.8589,0.9187
39.71,104.46,0.8534,0.9117
41.23,104.48,0.8527,0.9124
40.93,103.47,0.8454,0.904
39.45,103.33,0.842,0.9005
42.4,105.36,0.8464,0.9133
43.61,105.28,0.8462,0.9153
43.8,105.42,0.849,0.9173
43.53,105.12,0.8469,0.9148
42.78,104.62,0.8449,0.9126
43.82,104.56,0.8435,0.9127
43.75,104.17,0.8428,0.9111
44.34,103.83,0.8435,0.9109
44.2,103.72,0.842,0.9109
44.96,103.85,0.8434,0.9109
46.06,104.54,0.8445,0.9125
47.86,104.43,0.8408,0.9111
48.61,104.45,0.8392,0.908
47.8,104.25,0.8392,0.9061
48.18,104.1,0.8358,0.9041
47.59,104.27,0.8381,0.909
47.42,104.3,0.8284,0.8997
48.25,104.4,0.8253,0.8942
48.71,103.83,0.8234,0.8909
49.25,104.14,0.8248,0.8921
48.79,104.06,0.8257,0.8906
48.84,104.15,0.8261,0.889
48.86,104.21,0.8276,0.8892
50.25,104.2,0.8237,0.8858
49.97,104.01,0.8254,0.8893
50.29,104.03,0.8233,0.8863
50.76,103.66,0.8227,0.8856
51.08,103.48,0.8196,0.8855
51.5,103.1,0.815,0.8843
52.26,103.31,0.8157,0.8832
50.91,103.3,0.8167,0.8855
50.08,103.63,0.822,0.8896
51.2,103.55,0.8204,0.8878
51.29,103.63,0.8205,0.8906
50.86,103.78,0.8184,0.8884
51.09,103.56,0.8163,0.8843
51.34,103.17,0.8131,0.881
51.8,103.21,0.8185,0.8853
